Workbook

Sheet Tổng quan
B5: GIAI ĐOẠN THIẾT LẬP HỆ THỐNG | G5: Go-live mục tiêu
B6: Lộ trình triển khai đến ngày vận hành chính thức | G6: Ngày vận hành | H6: 46293
B7: ="Dự án đang ở giai đoạn "&IF(COUNTIFS('Kế hoạch triển khai'!$C$8:$C$33,B16,'Kế hoạch triển khai'!$M$8:$M$33,"<>Hoàn thành")>0,B16,IF(COUNTIFS('Kế hoạch triển khai'!$C$8:$C$33,B17,'Kế hoạch triển khai'!$M$8:$M$33,"<>Hoàn thành")>0,B17,IF(COUNTIFS('Kế hoạch triển khai'!$C$8:$C$33,B18,'Kế hoạch triển khai'!$M$8:$M$33,"<>Hoàn thành")>0,B18,IF(COUNTIFS('Kế hoạch triển khai'!$C$8:$C$33,B19,'Kế hoạch triển khai'!$M$8:$M$33,"<>Hoàn thành")>0,B19,IF(COUNTIFS('Kế hoạch triển khai'!$C$8:$C$33,B20,'Kế hoạch triển khai'!$M$8:$M$33,"<>Hoàn thành")>0,B20,"hoàn tất")))))&"."&IF(C11>0," Hiện có "&C11&" hạng mục quá hạn cần xử lý.","") -> Dự án đang ở giai đoạn Tiến hành. | G7: =IF(H6="","Chưa đặt ngày",IF(H6-TODAY()>0,"Còn "&(H6-TODAY())&" ngày",IF(H6=TODAY(),"Hôm nay là ngày vận hành","Đã qua "&(TODAY()-H6)&" ngày"))) -> Còn 10 ngày
B10: TIẾN ĐỘ | C10: QUÁ HẠN | D10: CHỜ NAM Á BANK XỬ LÝ
B11: =IF(COUNTA('Kế hoạch triển khai'!$D$8:$D$33)=0,0,COUNTIF('Kế hoạch triển khai'!$M$8:$M$33,"Hoàn thành")/COUNTA('Kế hoạch triển khai'!$D$8:$D$33)) -> 0.125 | C11: =COUNTIF('Kế hoạch triển khai'!$P$8:$P$33,"Quá hạn") -> 0 | D11: =COUNTIFS('Kế hoạch triển khai'!$E$8:$E$33,"Nam Á Bank",'Kế hoạch triển khai'!$M$8:$M$33,"<>Hoàn thành") -> 3
B12: =COUNTIF('Kế hoạch triển khai'!$M$8:$M$33,"Hoàn thành")&" / "&COUNTA('Kế hoạch triển khai'!$D$8:$D$33)&" hạng mục" -> 2 / 16 hạng mục | C12: hạng mục cần xử lý ngay | D12: hạng mục Nam Á Bank thực hiện, chưa hoàn thành
B14: Tiến độ theo giai đoạn | G14: Hạng mục chờ xử lý
B15: Giai đoạn | C15: Thời gian | D15: Số hạng mục | E15: Hoàn thành | G15: Đơn vị chịu trách nhiệm | H15: Chưa hoàn thành | I15: Quá hạn
B16: Chuẩn bị | C16: 16/09 | D16: =COUNTIF('Kế hoạch triển khai'!$C$8:$C$33,B16) -> 1 | E16: =IF(D16=0,"—",COUNTIFS('Kế hoạch triển khai'!$C$8:$C$33,B16,'Kế hoạch triển khai'!$M$8:$M$33,"Hoàn thành")&" ("&TEXT(COUNTIFS('Kế hoạch triển khai'!$C$8:$C$33,B16,'Kế hoạch triển khai'!$M$8:$M$33,"Hoàn thành")/D16,"0%")&")") -> 1 (100%) | G16: Xperise | H16: =COUNTIFS('Kế hoạch triển khai'!$E$8:$E$33,"Xperise",'Kế hoạch triển khai'!$M$8:$M$33,"<>Hoàn thành") -> 4 | I16: =COUNTIFS('Kế hoạch triển khai'!$E$8:$E$33,"Xperise",'Kế hoạch triển khai'!$P$8:$P$33,"Quá hạn") -> 0
B17: Tiến hành | C17: 16/09 → 23/09 | D17: =COUNTIF('Kế hoạch triển khai'!$C$8:$C$33,B17) -> 5 | E17: =IF(D17=0,"—",COUNTIFS('Kế hoạch triển khai'!$C$8:$C$33,B17,'Kế hoạch triển khai'!$M$8:$M$33,"Hoàn thành")&" ("&TEXT(COUNTIFS('Kế hoạch triển khai'!$C$8:$C$33,B17,'Kế hoạch triển khai'!$M$8:$M$33,"Hoàn thành")/D17,"0%")&")") -> 1 (20%) | G17: Hai bên | H17: =COUNTIFS('Kế hoạch triển khai'!$E$8:$E$33,"Hai bên",'Kế hoạch triển khai'!$F$8:$F$33,"—",'Kế hoạch triển khai'!$M$8:$M$33,"<>Hoàn thành") -> 0 | I17: =COUNTIFS('Kế hoạch triển khai'!$E$8:$E$33,"Hai bên",'Kế hoạch triển khai'!$F$8:$F$33,"—",'Kế hoạch triển khai'!$P$8:$P$33,"Quá hạn") -> 0
B18: Demo & thống nhất | C18: 22/09 → 23/09 | D18: =COUNTIF('Kế hoạch triển khai'!$C$8:$C$33,B18) -> 2 | E18: =IF(D18=0,"—",COUNTIFS('Kế hoạch triển khai'!$C$8:$C$33,B18,'Kế hoạch triển khai'!$M$8:$M$33,"Hoàn thành")&" ("&TEXT(COUNTIFS('Kế hoạch triển khai'!$C$8:$C$33,B18,'Kế hoạch triển khai'!$M$8:$M$33,"Hoàn thành")/D18,"0%")&")") -> 0 (0%) | G18: Nam Á Bank – Hành chính | H18: =COUNTIFS('Kế hoạch triển khai'!$F$8:$F$33,"Hành chính",'Kế hoạch triển khai'!$E$8:$E$33,"<>Xperise",'Kế hoạch triển khai'!$M$8:$M$33,"<>Hoàn thành") -> 6 | I18: =COUNTIFS('Kế hoạch triển khai'!$F$8:$F$33,"Hành chính",'Kế hoạch triển khai'!$E$8:$E$33,"<>Xperise",'Kế hoạch triển khai'!$P$8:$P$33,"Quá hạn") -> 0
B19: Ký kết & đào tạo | C19: 24/09 → 25/09 | D19: =COUNTIF('Kế hoạch triển khai'!$C$8:$C$33,B19) -> 2 | E19: =IF(D19=0,"—",COUNTIFS('Kế hoạch triển khai'!$C$8:$C$33,B19,'Kế hoạch triển khai'!$M$8:$M$33,"Hoàn thành")&" ("&TEXT(COUNTIFS('Kế hoạch triển khai'!$C$8:$C$33,B19,'Kế hoạch triển khai'!$M$8:$M$33,"Hoàn thành")/D19,"0%")&")") -> 0 (0%) | G19: Nam Á Bank – Nhân sự | H19: =COUNTIFS('Kế hoạch triển khai'!$F$8:$F$33,"Nhân sự",'Kế hoạch triển khai'!$E$8:$E$33,"<>Xperise",'Kế hoạch triển khai'!$M$8:$M$33,"<>Hoàn thành") -> 0 | I19: =COUNTIFS('Kế hoạch triển khai'!$F$8:$F$33,"Nhân sự",'Kế hoạch triển khai'!$E$8:$E$33,"<>Xperise",'Kế hoạch triển khai'!$P$8:$P$33,"Quá hạn") -> 0
B20: Go-live & hỗ trợ | C20: Từ 28/09 trở đi | D20: =COUNTIF('Kế hoạch triển khai'!$C$8:$C$33,B20) -> 6 | E20: =IF(D20=0,"—",COUNTIFS('Kế hoạch triển khai'!$C$8:$C$33,B20,'Kế hoạch triển khai'!$M$8:$M$33,"Hoàn thành")&" ("&TEXT(COUNTIFS('Kế hoạch triển khai'!$C$8:$C$33,B20,'Kế hoạch triển khai'!$M$8:$M$33,"Hoàn thành")/D20,"0%")&")") -> 0 (0%) | G20: Nam Á Bank – Kế toán | H20: =COUNTIFS('Kế hoạch triển khai'!$F$8:$F$33,"Kế toán",'Kế hoạch triển khai'!$E$8:$E$33,"<>Xperise",'Kế hoạch triển khai'!$M$8:$M$33,"<>Hoàn thành") -> 2 | I20: =COUNTIFS('Kế hoạch triển khai'!$F$8:$F$33,"Kế toán",'Kế hoạch triển khai'!$E$8:$E$33,"<>Xperise",'Kế hoạch triển khai'!$P$8:$P$33,"Quá hạn") -> 0
G21: Nam Á Bank – Pháp chế | H21: =COUNTIFS('Kế hoạch triển khai'!$F$8:$F$33,"Pháp chế",'Kế hoạch triển khai'!$E$8:$E$33,"<>Xperise",'Kế hoạch triển khai'!$M$8:$M$33,"<>Hoàn thành") -> 1 | I21: =COUNTIFS('Kế hoạch triển khai'!$F$8:$F$33,"Pháp chế",'Kế hoạch triển khai'!$E$8:$E$33,"<>Xperise",'Kế hoạch triển khai'!$P$8:$P$33,"Quá hạn") -> 0
G22: Việc hai bên cùng làm có ghi phòng ban được tính vào phòng ban đó.
B24: Mốc quan trọng
B25: Công việc | E25: Thời gian | G25: Đơn vị phụ trách | H25: Trạng thái
B26: ='Kế hoạch triển khai'!D8 -> Họp khởi động: thống nhất phạm vi và chính sách | E26: ='Kế hoạch triển khai'!L8 -> 16/09 | G26: ='Kế hoạch triển khai'!G8 -> Nam Á Bank – Hành chính (cùng Xperise) | H26: Hoàn thành
B27: ='Kế hoạch triển khai'!D10 -> Cung cấp dữ liệu khởi tạo: chính sách công tác và phạm vi người dùng | E27: ='Kế hoạch triển khai'!L10 -> 16/09 → 18/09 | G27: ='Kế hoạch triển khai'!G10 -> Nam Á Bank – Hành chính | H27: Đang tiến hành
B28: ='Kế hoạch triển khai'!D13 -> Xperise khởi tạo và cấu hình hệ thống | E28: ='Kế hoạch triển khai'!L13 -> 19/09 → 21/09 | G28: ='Kế hoạch triển khai'!G13 -> Xperise | H28: ='Kế hoạch triển khai'!M13 -> Chưa bắt đầu
B29: ='Kế hoạch triển khai'!D14 -> Trình diễn hệ thống và chạy thử tình huống nghiệp vụ | E29: ='Kế hoạch triển khai'!L14 -> 22/09 → 23/09 | G29: ='Kế hoạch triển khai'!G14 -> Nam Á Bank – Hành chính (cùng Xperise) | H29: ='Kế hoạch triển khai'!M14 -> Chưa bắt đầu
B30: ='Kế hoạch triển khai'!D16 -> Ký kết hợp đồng và thống nhất ngày vận hành chính thức | E30: ='Kế hoạch triển khai'!L16 -> 24/09 → 25/09 | G30: ='Kế hoạch triển khai'!G16 -> Nam Á Bank – Ban lãnh đạo (cùng Xperise) | H30: Đang tiến hành
B31: ='Kế hoạch triển khai'!D17 -> Truyền thông và đào tạo người dùng | E31: ='Kế hoạch triển khai'!L17 -> 24/09 → 25/09 | G31: ='Kế hoạch triển khai'!G17 -> Nam Á Bank – Hành chính (cùng Xperise) | H31: ='Kế hoạch triển khai'!M17 -> Chưa bắt đầu
B32: ='Kế hoạch triển khai'!D18 -> Đưa hệ thống vào vận hành chính thức | E32: ='Kế hoạch triển khai'!L18 -> 28/09 | G32: ='Kế hoạch triển khai'!G18 -> Nam Á Bank – Hành chính (cùng Xperise) | H32: ='Kế hoạch triển khai'!M18 -> Chưa bắt đầu
B34: Cách sử dụng file
B35: Kế hoạch triển khai | C35: Danh mục công việc, cập nhật trạng thái, ngày và người phụ trách. Các số liệu ở trang này tự tính theo sheet này.
B36: Sơ đồ phối hợp | C36: Sơ đồ từng đơn vị theo từng giai đoạn, kèm danh sách phần việc của từng phòng ban.
B37: Lịch triển khai | C37: Biểu đồ thời gian theo ngày, tự vẽ lại khi đổi ngày trong Kế hoạch triển khai.
B38: Dữ liệu & chính sách | C38: Nhóm dữ liệu cần cung cấp, định mức lưu trú, vé máy bay, luồng phê duyệt và các lựa chọn cấu hình.
B39: Quy trình hoá đơn | C39: Nguyên tắc xuất hoá đơn và cách ghi nhận giao dịch giữa hai kỳ.
B40: Đối soát & thanh toán | C40: Lịch chốt kỳ, yêu cầu riêng đối với bảng kê và hạn mức công nợ.
B41: Cơ sở lưu trú & giá | C41: Thư giới thiệu và danh sách cơ sở lưu trú.
B42: Tài liệu | C42: Trạng thái tài liệu hai bên và giải đáp nghiệp vụ.
B43: Nội dung thống nhất | C43: Bốn nội dung cần thống nhất và nội dung ghi nhận tại buổi làm việc.
C45: Ô nền vàng nhạt: Nam Á Bank điền hoặc chọn trực tiếp.

Sheet Kế hoạch triển khai
B2: Kế hoạch triển khai
B3: Danh mục công việc theo trình tự thực hiện. Thứ tự, đơn vị phụ trách và thời hạn có thể điều chỉnh trực tiếp. Hạng mục đánh dấu sao sẽ hiển thị như mốc quan trọng trên lịch tại mục Tổng quan.
C5: Ô nền vàng nhạt: chỉnh trực tiếp. Cột Bước, Đơn vị phụ trách, Thời gian và Quá hạn tự tính. Kiểu thời gian “Từ ngày trở đi” và “Sau ngày” để trống cột Kết thúc.
B7: Bước | C7: Giai đoạn | D7: Công việc | E7: Bên thực hiện | F7: Phòng ban | G7: Đơn vị phụ trách | H7: Mốc | I7: Kiểu thời gian | J7: Bắt đầu | K7: Kết thúc | L7: Thời gian | M7: Trạng thái | N7: Người phụ trách | O7: Ghi chú | P7: Quá hạn
B8: =IF(D8="","",ROW()-7) -> 1 | C8: Chuẩn bị | D8: Họp khởi động: thống nhất phạm vi và chính sách | E8: Hai bên | F8: Hành chính | G8: =IF(D8="","",IF(E8="Xperise","Xperise",IF(E8="Nam Á Bank",IF(OR(F8="",F8="—"),"Nam Á Bank","Nam Á Bank – "&F8),IF(OR(F8="",F8="—"),"Hai bên","Nam Á Bank – "&F8&" (cùng Xperise)")))) -> Nam Á Bank – Hành chính (cùng Xperise) | H8: ★ | I8: Khoảng ngày | J8: 46281 | K8: 46281 | L8: =IF(J8="","",IF(I8="Từ ngày trở đi","Từ "&TEXT(DAY(J8),"00")&"/"&TEXT(MONTH(J8),"00")&" trở đi",IF(I8="Sau ngày","Sau "&TEXT(DAY(J8),"00")&"/"&TEXT(MONTH(J8),"00"),IF(OR(K8="",K8=J8),TEXT(DAY(J8),"00")&"/"&TEXT(MONTH(J8),"00"),TEXT(DAY(J8),"00")&"/"&TEXT(MONTH(J8),"00")&" → "&TEXT(DAY(K8),"00")&"/"&TEXT(MONTH(K8),"00"))))) -> 16/09 | M8: Hoàn thành | O8: Hình thức: họp trực tiếp
B9: =IF(D9="","",ROW()-7) -> 2 | C9: Tiến hành | D9: Gửi biên bản kết luận sau buổi họp | E9: Xperise | F9: Nhân sự | G9: =IF(D9="","",IF(E9="Xperise","Xperise",IF(E9="Nam Á Bank",IF(OR(F9="",F9="—"),"Nam Á Bank","Nam Á Bank – "&F9),IF(OR(F9="",F9="—"),"Hai bên","Nam Á Bank – "&F9&" (cùng Xperise)")))) -> Xperise | I9: Khoảng ngày | J9: 46282 | K9: 46282 | L9: =IF(J9="","",IF(I9="Từ ngày trở đi","Từ "&TEXT(DAY(J9),"00")&"/"&TEXT(MONTH(J9),"00")&" trở đi",IF(I9="Sau ngày","Sau "&TEXT(DAY(J9),"00")&"/"&TEXT(MONTH(J9),"00"),IF(OR(K9="",K9=J9),TEXT(DAY(J9),"00")&"/"&TEXT(MONTH(J9),"00"),TEXT(DAY(J9),"00")&"/"&TEXT(MONTH(J9),"00")&" → "&TEXT(DAY(K9),"00")&"/"&TEXT(MONTH(K9),"00"))))) -> 17/09 | M9: Hoàn thành | O9: Mới bổ sung | P9: =IF(AND(D9<>"",M9<>"Hoàn thành",ISNUMBER(K9)),IF(K9<TODAY(),"Quá hạn",""),"")
B10: =IF(D10="","",ROW()-7) -> 3 | C10: Tiến hành | D10: Cung cấp dữ liệu khởi tạo: chính sách công tác và phạm vi người dùng | E10: Nam Á Bank | F10: Hành chính | G10: =IF(D10="","",IF(E10="Xperise","Xperise",IF(E10="Nam Á Bank",IF(OR(F10="",F10="—"),"Nam Á Bank","Nam Á Bank – "&F10),IF(OR(F10="",F10="—"),"Hai bên","Nam Á Bank – "&F10&" (cùng Xperise)")))) -> Nam Á Bank – Hành chính | H10: ★ | I10: Khoảng ngày | J10: 46281 | K10: 46283 | L10: =IF(J10="","",IF(I10="Từ ngày trở đi","Từ "&TEXT(DAY(J10),"00")&"/"&TEXT(MONTH(J10),"00")&" trở đi",IF(I10="Sau ngày","Sau "&TEXT(DAY(J10),"00")&"/"&TEXT(MONTH(J10),"00"),IF(OR(K10="",K10=J10),TEXT(DAY(J10),"00")&"/"&TEXT(MONTH(J10),"00"),TEXT(DAY(J10),"00")&"/"&TEXT(MONTH(J10),"00")&" → "&TEXT(DAY(K10),"00")&"/"&TEXT(MONTH(K10),"00"))))) -> 16/09 → 18/09 | M10: Đang làm | O10: Kê khai theo biểu mẫu khởi tạo | P10: =IF(AND(D10<>"",M10<>"Hoàn thành",ISNUMBER(K10)),IF(K10<TODAY(),"Quá hạn",""),"")
B11: =IF(D11="","",ROW()-7) -> 4 | C11: Tiến hành | D11: Rà soát Hợp đồng hợp tác bản cuối | E11: Hai bên | F11: Pháp chế | G11: =IF(D11="","",IF(E11="Xperise","Xperise",IF(E11="Nam Á Bank",IF(OR(F11="",F11="—"),"Nam Á Bank","Nam Á Bank – "&F11),IF(OR(F11="",F11="—"),"Hai bên","Nam Á Bank – "&F11&" (cùng Xperise)")))) -> Nam Á Bank – Pháp chế (cùng Xperise) | I11: Khoảng ngày | J11: 46281 | K11: 46288 | L11: =IF(J11="","",IF(I11="Từ ngày trở đi","Từ "&TEXT(DAY(J11),"00")&"/"&TEXT(MONTH(J11),"00")&" trở đi",IF(I11="Sau ngày","Sau "&TEXT(DAY(J11),"00")&"/"&TEXT(MONTH(J11),"00"),IF(OR(K11="",K11=J11),TEXT(DAY(J11),"00")&"/"&TEXT(MONTH(J11),"00"),TEXT(DAY(J11),"00")&"/"&TEXT(MONTH(J11),"00")&" → "&TEXT(DAY(K11),"00")&"/"&TEXT(MONTH(K11),"00"))))) -> 16/09 → 23/09 | M11: Đang làm | O11: Thực hiện song song với công tác khởi tạo | P11: =IF(AND(D11<>"",M11<>"Hoàn thành",ISNUMBER(K11)),IF(K11<TODAY(),"Quá hạn",""),"")
B12: =IF(D12="","",ROW()-7) -> 5 | C12: Tiến hành | D12: Xperise tiếp nhận và rà soát dữ liệu khởi tạo | E12: Xperise | F12: Nhân sự | G12: =IF(D12="","",IF(E12="Xperise","Xperise",IF(E12="Nam Á Bank",IF(OR(F12="",F12="—"),"Nam Á Bank","Nam Á Bank – "&F12),IF(OR(F12="",F12="—"),"Hai bên","Nam Á Bank – "&F12&" (cùng Xperise)")))) -> Xperise | I12: Khoảng ngày | J12: 46283 | K12: 46283 | L12: =IF(J12="","",IF(I12="Từ ngày trở đi","Từ "&TEXT(DAY(J12),"00")&"/"&TEXT(MONTH(J12),"00")&" trở đi",IF(I12="Sau ngày","Sau "&TEXT(DAY(J12),"00")&"/"&TEXT(MONTH(J12),"00"),IF(OR(K12="",K12=J12),TEXT(DAY(J12),"00")&"/"&TEXT(MONTH(J12),"00"),TEXT(DAY(J12),"00")&"/"&TEXT(MONTH(J12),"00")&" → "&TEXT(DAY(K12),"00")&"/"&TEXT(MONTH(K12),"00"))))) -> 18/09 | M12: Đang làm | P12: =IF(AND(D12<>"",M12<>"Hoàn thành",ISNUMBER(K12)),IF(K12<TODAY(),"Quá hạn",""),"")
B13: =IF(D13="","",ROW()-7) -> 6 | C13: Tiến hành | D13: Xperise khởi tạo và cấu hình hệ thống | E13: Xperise | F13: Nhân sự | G13: =IF(D13="","",IF(E13="Xperise","Xperise",IF(E13="Nam Á Bank",IF(OR(F13="",F13="—"),"Nam Á Bank","Nam Á Bank – "&F13),IF(OR(F13="",F13="—"),"Hai bên","Nam Á Bank – "&F13&" (cùng Xperise)")))) -> Xperise | H13: ★ | I13: Khoảng ngày | J13: 46284 | K13: 46286 | L13: =IF(J13="","",IF(I13="Từ ngày trở đi","Từ "&TEXT(DAY(J13),"00")&"/"&TEXT(MONTH(J13),"00")&" trở đi",IF(I13="Sau ngày","Sau "&TEXT(DAY(J13),"00")&"/"&TEXT(MONTH(J13),"00"),IF(OR(K13="",K13=J13),TEXT(DAY(J13),"00")&"/"&TEXT(MONTH(J13),"00"),TEXT(DAY(J13),"00")&"/"&TEXT(MONTH(J13),"00")&" → "&TEXT(DAY(K13),"00")&"/"&TEXT(MONTH(K13),"00"))))) -> 19/09 → 21/09 | M13: Chưa bắt đầu | O13: Hoàn thành trong 48 giờ kể từ khi tiếp nhận dữ liệu | P13: =IF(AND(D13<>"",M13<>"Hoàn thành",ISNUMBER(K13)),IF(K13<TODAY(),"Quá hạn",""),"")
B14: =IF(D14="","",ROW()-7) -> 7 | C14: Demo & thống nhất | D14: Trình diễn hệ thống và chạy thử tình huống nghiệp vụ | E14: Hai bên | F14: Hành chính | G14: =IF(D14="","",IF(E14="Xperise","Xperise",IF(E14="Nam Á Bank",IF(OR(F14="",F14="—"),"Nam Á Bank","Nam Á Bank – "&F14),IF(OR(F14="",F14="—"),"Hai bên","Nam Á Bank – "&F14&" (cùng Xperise)")))) -> Nam Á Bank – Hành chính (cùng Xperise) | H14: ★ | I14: Khoảng ngày | J14: 46287 | K14: 46288 | L14: =IF(J14="","",IF(I14="Từ ngày trở đi","Từ "&TEXT(DAY(J14),"00")&"/"&TEXT(MONTH(J14),"00")&" trở đi",IF(I14="Sau ngày","Sau "&TEXT(DAY(J14),"00")&"/"&TEXT(MONTH(J14),"00"),IF(OR(K14="",K14=J14),TEXT(DAY(J14),"00")&"/"&TEXT(MONTH(J14),"00"),TEXT(DAY(J14),"00")&"/"&TEXT(MONTH(J14),"00")&" → "&TEXT(DAY(K14),"00")&"/"&TEXT(MONTH(K14),"00"))))) -> 22/09 → 23/09 | M14: Chưa bắt đầu | P14: =IF(AND(D14<>"",M14<>"Hoàn thành",ISNUMBER(K14)),IF(K14<TODAY(),"Quá hạn",""),"")
B15: =IF(D15="","",ROW()-7) -> 8 | C15: Demo & thống nhất | D15: Thống nhất biểu mẫu bảng kê và quy trình xuất hoá đơn | E15: Hai bên | F15: Kế toán | G15: =IF(D15="","",IF(E15="Xperise","Xperise",IF(E15="Nam Á Bank",IF(OR(F15="",F15="—"),"Nam Á Bank","Nam Á Bank – "&F15),IF(OR(F15="",F15="—"),"Hai bên","Nam Á Bank – "&F15&" (cùng Xperise)")))) -> Nam Á Bank – Kế toán (cùng Xperise) | I15: Khoảng ngày | J15: 46287 | K15: 46288 | L15: =IF(J15="","",IF(I15="Từ ngày trở đi","Từ "&TEXT(DAY(J15),"00")&"/"&TEXT(MONTH(J15),"00")&" trở đi",IF(I15="Sau ngày","Sau "&TEXT(DAY(J15),"00")&"/"&TEXT(MONTH(J15),"00"),IF(OR(K15="",K15=J15),TEXT(DAY(J15),"00")&"/"&TEXT(MONTH(J15),"00"),TEXT(DAY(J15),"00")&"/"&TEXT(MONTH(J15),"00")&" → "&TEXT(DAY(K15),"00")&"/"&TEXT(MONTH(K15),"00"))))) -> 22/09 → 23/09 | M15: Chưa bắt đầu | O15: Mới bổ sung | P15: =IF(AND(D15<>"",M15<>"Hoàn thành",ISNUMBER(K15)),IF(K15<TODAY(),"Quá hạn",""),"")
B16: =IF(D16="","",ROW()-7) -> 9 | C16: Ký kết & đào tạo | D16: Ký kết hợp đồng và thống nhất ngày vận hành chính thức | E16: Hai bên | F16: Ban lãnh đạo | G16: =IF(D16="","",IF(E16="Xperise","Xperise",IF(E16="Nam Á Bank",IF(OR(F16="",F16="—"),"Nam Á Bank","Nam Á Bank – "&F16),IF(OR(F16="",F16="—"),"Hai bên","Nam Á Bank – "&F16&" (cùng Xperise)")))) -> Nam Á Bank – Ban lãnh đạo (cùng Xperise) | H16: ★ | I16: Khoảng ngày | J16: 46289 | K16: 46290 | L16: =IF(J16="","",IF(I16="Từ ngày trở đi","Từ "&TEXT(DAY(J16),"00")&"/"&TEXT(MONTH(J16),"00")&" trở đi",IF(I16="Sau ngày","Sau "&TEXT(DAY(J16),"00")&"/"&TEXT(MONTH(J16),"00"),IF(OR(K16="",K16=J16),TEXT(DAY(J16),"00")&"/"&TEXT(MONTH(J16),"00"),TEXT(DAY(J16),"00")&"/"&TEXT(MONTH(J16),"00")&" → "&TEXT(DAY(K16),"00")&"/"&TEXT(MONTH(K16),"00"))))) -> 24/09 → 25/09 | M16: Chưa bắt đầu | P16: =IF(AND(D16<>"",M16<>"Hoàn thành",ISNUMBER(K16)),IF(K16<TODAY(),"Quá hạn",""),"")
B17: =IF(D17="","",ROW()-7) -> 10 | C17: Ký kết & đào tạo | D17: Truyền thông và đào tạo người dùng | E17: Hai bên | F17: Hành chính | G17: =IF(D17="","",IF(E17="Xperise","Xperise",IF(E17="Nam Á Bank",IF(OR(F17="",F17="—"),"Nam Á Bank","Nam Á Bank – "&F17),IF(OR(F17="",F17="—"),"Hai bên","Nam Á Bank – "&F17&" (cùng Xperise)")))) -> Nam Á Bank – Hành chính (cùng Xperise) | H17: ★ | I17: Khoảng ngày | J17: 46289 | K17: 46290 | L17: =IF(J17="","",IF(I17="Từ ngày trở đi","Từ "&TEXT(DAY(J17),"00")&"/"&TEXT(MONTH(J17),"00")&" trở đi",IF(I17="Sau ngày","Sau "&TEXT(DAY(J17),"00")&"/"&TEXT(MONTH(J17),"00"),IF(OR(K17="",K17=J17),TEXT(DAY(J17),"00")&"/"&TEXT(MONTH(J17),"00"),TEXT(DAY(J17),"00")&"/"&TEXT(MONTH(J17),"00")&" → "&TEXT(DAY(K17),"00")&"/"&TEXT(MONTH(K17),"00"))))) -> 24/09 → 25/09 | M17: Chưa bắt đầu | O17: Thực hiện song song với công tác ký kết | P17: =IF(AND(D17<>"",M17<>"Hoàn thành",ISNUMBER(K17)),IF(K17<TODAY(),"Quá hạn",""),"")
B18: =IF(D18="","",ROW()-7) -> 11 | C18: Go-live & hỗ trợ | D18: Đưa hệ thống vào vận hành chính thức | E18: Hai bên | F18: Hành chính | G18: =IF(D18="","",IF(E18="Xperise","Xperise",IF(E18="Nam Á Bank",IF(OR(F18="",F18="—"),"Nam Á Bank","Nam Á Bank – "&F18),IF(OR(F18="",F18="—"),"Hai bên","Nam Á Bank – "&F18&" (cùng Xperise)")))) -> Nam Á Bank – Hành chính (cùng Xperise) | H18: ★ | I18: Khoảng ngày | J18: 46293 | K18: 46293 | L18: =IF(J18="","",IF(I18="Từ ngày trở đi","Từ "&TEXT(DAY(J18),"00")&"/"&TEXT(MONTH(J18),"00")&" trở đi",IF(I18="Sau ngày","Sau "&TEXT(DAY(J18),"00")&"/"&TEXT(MONTH(J18),"00"),IF(OR(K18="",K18=J18),TEXT(DAY(J18),"00")&"/"&TEXT(MONTH(J18),"00"),TEXT(DAY(J18),"00")&"/"&TEXT(MONTH(J18),"00")&" → "&TEXT(DAY(K18),"00")&"/"&TEXT(MONTH(K18),"00"))))) -> 28/09 | M18: Chưa bắt đầu | P18: =IF(AND(D18<>"",M18<>"Hoàn thành",ISNUMBER(K18)),IF(K18<TODAY(),"Quá hạn",""),"")
B19: =IF(D19="","",ROW()-7) -> 12 | C19: Go-live & hỗ trợ | D19: Hỗ trợ sau triển khai | E19: Xperise | F19: Nhân sự | G19: =IF(D19="","",IF(E19="Xperise","Xperise",IF(E19="Nam Á Bank",IF(OR(F19="",F19="—"),"Nam Á Bank","Nam Á Bank – "&F19),IF(OR(F19="",F19="—"),"Hai bên","Nam Á Bank – "&F19&" (cùng Xperise)")))) -> Xperise | I19: Từ ngày trở đi | J19: 46293 | L19: =IF(J19="","",IF(I19="Từ ngày trở đi","Từ "&TEXT(DAY(J19),"00")&"/"&TEXT(MONTH(J19),"00")&" trở đi",IF(I19="Sau ngày","Sau "&TEXT(DAY(J19),"00")&"/"&TEXT(MONTH(J19),"00"),IF(OR(K19="",K19=J19),TEXT(DAY(J19),"00")&"/"&TEXT(MONTH(J19),"00"),TEXT(DAY(J19),"00")&"/"&TEXT(MONTH(J19),"00")&" → "&TEXT(DAY(K19),"00")&"/"&TEXT(MONTH(K19),"00"))))) -> Từ 28/09 trở đi | M19: Chưa bắt đầu | O19: Họp rà soát định kỳ vào sáng Thứ Năm hàng tuần | P19: =IF(AND(D19<>"",M19<>"Hoàn thành",ISNUMBER(K19)),IF(K19<TODAY(),"Quá hạn",""),"")
B20: =IF(D20="","",ROW()-7) -> 13 | C20: Go-live & hỗ trợ | D20: Cung cấp danh sách cơ sở lưu trú thường sử dụng và hợp đồng giá | E20: Nam Á Bank | F20: Hành chính | G20: =IF(D20="","",IF(E20="Xperise","Xperise",IF(E20="Nam Á Bank",IF(OR(F20="",F20="—"),"Nam Á Bank","Nam Á Bank – "&F20),IF(OR(F20="",F20="—"),"Hai bên","Nam Á Bank – "&F20&" (cùng Xperise)")))) -> Nam Á Bank – Hành chính | I20: Sau ngày | J20: 46293 | L20: =IF(J20="","",IF(I20="Từ ngày trở đi","Từ "&TEXT(DAY(J20),"00")&"/"&TEXT(MONTH(J20),"00")&" trở đi",IF(I20="Sau ngày","Sau "&TEXT(DAY(J20),"00")&"/"&TEXT(MONTH(J20),"00"),IF(OR(K20="",K20=J20),TEXT(DAY(J20),"00")&"/"&TEXT(MONTH(J20),"00"),TEXT(DAY(J20),"00")&"/"&TEXT(MONTH(J20),"00")&" → "&TEXT(DAY(K20),"00")&"/"&TEXT(MONTH(K20),"00"))))) -> Sau 28/09 | M20: Chưa bắt đầu | O20: Mới bổ sung | P20: =IF(AND(D20<>"",M20<>"Hoàn thành",ISNUMBER(K20)),IF(K20<TODAY(),"Quá hạn",""),"")
B21: =IF(D21="","",ROW()-7) -> 14 | C21: Go-live & hỗ trợ | D21: Thực hiện đối soát kỳ đầu tiên | E21: Hai bên | F21: Kế toán | G21: =IF(D21="","",IF(E21="Xperise","Xperise",IF(E21="Nam Á Bank",IF(OR(F21="",F21="—"),"Nam Á Bank","Nam Á Bank – "&F21),IF(OR(F21="",F21="—"),"Hai bên","Nam Á Bank – "&F21&" (cùng Xperise)")))) -> Nam Á Bank – Kế toán (cùng Xperise) | I21: Khoảng ngày | J21: 46296 | K21: 46299 | L21: =IF(J21="","",IF(I21="Từ ngày trở đi","Từ "&TEXT(DAY(J21),"00")&"/"&TEXT(MONTH(J21),"00")&" trở đi",IF(I21="Sau ngày","Sau "&TEXT(DAY(J21),"00")&"/"&TEXT(MONTH(J21),"00"),IF(OR(K21="",K21=J21),TEXT(DAY(J21),"00")&"/"&TEXT(MONTH(J21),"00"),TEXT(DAY(J21),"00")&"/"&TEXT(MONTH(J21),"00")&" → "&TEXT(DAY(K21),"00")&"/"&TEXT(MONTH(K21),"00"))))) -> 01/10 → 04/10 | M21: Chưa bắt đầu | O21: Mới bổ sung. Áp dụng cho kỳ 2 tháng 9 | P21: =IF(AND(D21<>"",M21<>"Hoàn thành",ISNUMBER(K21)),IF(K21<TODAY(),"Quá hạn",""),"")
B22: =IF(D22="","",ROW()-7) -> 15 | C22: Go-live & hỗ trợ | D22: Phát hành thư giới thiệu Xperise tới các cơ sở lưu trú | E22: Nam Á Bank | F22: Hành chính | G22: =IF(D22="","",IF(E22="Xperise","Xperise",IF(E22="Nam Á Bank",IF(OR(F22="",F22="—"),"Nam Á Bank","Nam Á Bank – "&F22),IF(OR(F22="",F22="—"),"Hai bên","Nam Á Bank – "&F22&" (cùng Xperise)")))) -> Nam Á Bank – Hành chính | I22: Sau ngày | J22: 46293 | L22: =IF(J22="","",IF(I22="Từ ngày trở đi","Từ "&TEXT(DAY(J22),"00")&"/"&TEXT(MONTH(J22),"00")&" trở đi",IF(I22="Sau ngày","Sau "&TEXT(DAY(J22),"00")&"/"&TEXT(MONTH(J22),"00"),IF(OR(K22="",K22=J22),TEXT(DAY(J22),"00")&"/"&TEXT(MONTH(J22),"00"),TEXT(DAY(J22),"00")&"/"&TEXT(MONTH(J22),"00")&" → "&TEXT(DAY(K22),"00")&"/"&TEXT(MONTH(K22),"00"))))) -> Sau 28/09 | M22: Chưa bắt đầu | O22: Mới bổ sung. Điều kiện để cơ sở lưu trú áp dụng giá thoả thuận | P22: =IF(AND(D22<>"",M22<>"Hoàn thành",ISNUMBER(K22)),IF(K22<TODAY(),"Quá hạn",""),"")
B23: =IF(D23="","",ROW()-7) -> 16 | C23: Go-live & hỗ trợ | D23: Cập nhật giá thoả thuận của cơ sở lưu trú lên hệ thống | E23: Xperise | F23: Nhân sự | G23: =IF(D23="","",IF(E23="Xperise","Xperise",IF(E23="Nam Á Bank",IF(OR(F23="",F23="—"),"Nam Á Bank","Nam Á Bank – "&F23),IF(OR(F23="",F23="—"),"Hai bên","Nam Á Bank – "&F23&" (cùng Xperise)")))) -> Xperise | I23: Khoảng ngày | J23: 46293 | K23: 46293 | L23: =IF(J23="","",IF(I23="Từ ngày trở đi","Từ "&TEXT(DAY(J23),"00")&"/"&TEXT(MONTH(J23),"00")&" trở đi",IF(I23="Sau ngày","Sau "&TEXT(DAY(J23),"00")&"/"&TEXT(MONTH(J23),"00"),IF(OR(K23="",K23=J23),TEXT(DAY(J23),"00")&"/"&TEXT(MONTH(J23),"00"),TEXT(DAY(J23),"00")&"/"&TEXT(MONTH(J23),"00")&" → "&TEXT(DAY(K23),"00")&"/"&TEXT(MONTH(K23),"00"))))) -> 28/09 | M23: Chưa bắt đầu | O23: Mới bổ sung | P23: =IF(AND(D23<>"",M23<>"Hoàn thành",ISNUMBER(K23)),IF(K23<TODAY(),"Quá hạn",""),"")
B24: =IF(D24="","",ROW()-7) | G24: =IF(D24="","",IF(E24="Xperise","Xperise",IF(E24="Nam Á Bank",IF(OR(F24="",F24="—"),"Nam Á Bank","Nam Á Bank – "&F24),IF(OR(F24="",F24="—"),"Hai bên","Nam Á Bank – "&F24&" (cùng Xperise)")))) | L24: =IF(J24="","",IF(I24="Từ ngày trở đi","Từ "&TEXT(DAY(J24),"00")&"/"&TEXT(MONTH(J24),"00")&" trở đi",IF(I24="Sau ngày","Sau "&TEXT(DAY(J24),"00")&"/"&TEXT(MONTH(J24),"00"),IF(OR(K24="",K24=J24),TEXT(DAY(J24),"00")&"/"&TEXT(MONTH(J24),"00"),TEXT(DAY(J24),"00")&"/"&TEXT(MONTH(J24),"00")&" → "&TEXT(DAY(K24),"00")&"/"&TEXT(MONTH(K24),"00"))))) | P24: =IF(AND(D24<>"",M24<>"Hoàn thành",ISNUMBER(K24)),IF(K24<TODAY(),"Quá hạn",""),"")
B25: =IF(D25="","",ROW()-7) | G25: =IF(D25="","",IF(E25="Xperise","Xperise",IF(E25="Nam Á Bank",IF(OR(F25="",F25="—"),"Nam Á Bank","Nam Á Bank – "&F25),IF(OR(F25="",F25="—"),"Hai bên","Nam Á Bank – "&F25&" (cùng Xperise)")))) | L25: =IF(J25="","",IF(I25="Từ ngày trở đi","Từ "&TEXT(DAY(J25),"00")&"/"&TEXT(MONTH(J25),"00")&" trở đi",IF(I25="Sau ngày","Sau "&TEXT(DAY(J25),"00")&"/"&TEXT(MONTH(J25),"00"),IF(OR(K25="",K25=J25),TEXT(DAY(J25),"00")&"/"&TEXT(MONTH(J25),"00"),TEXT(DAY(J25),"00")&"/"&TEXT(MONTH(J25),"00")&" → "&TEXT(DAY(K25),"00")&"/"&TEXT(MONTH(K25),"00"))))) | P25: =IF(AND(D25<>"",M25<>"Hoàn thành",ISNUMBER(K25)),IF(K25<TODAY(),"Quá hạn",""),"")
B26: =IF(D26="","",ROW()-7) | G26: =IF(D26="","",IF(E26="Xperise","Xperise",IF(E26="Nam Á Bank",IF(OR(F26="",F26="—"),"Nam Á Bank","Nam Á Bank – "&F26),IF(OR(F26="",F26="—"),"Hai bên","Nam Á Bank – "&F26&" (cùng Xperise)")))) | L26: =IF(J26="","",IF(I26="Từ ngày trở đi","Từ "&TEXT(DAY(J26),"00")&"/"&TEXT(MONTH(J26),"00")&" trở đi",IF(I26="Sau ngày","Sau "&TEXT(DAY(J26),"00")&"/"&TEXT(MONTH(J26),"00"),IF(OR(K26="",K26=J26),TEXT(DAY(J26),"00")&"/"&TEXT(MONTH(J26),"00"),TEXT(DAY(J26),"00")&"/"&TEXT(MONTH(J26),"00")&" → "&TEXT(DAY(K26),"00")&"/"&TEXT(MONTH(K26),"00"))))) | P26: =IF(AND(D26<>"",M26<>"Hoàn thành",ISNUMBER(K26)),IF(K26<TODAY(),"Quá hạn",""),"")
B27: =IF(D27="","",ROW()-7) | G27: =IF(D27="","",IF(E27="Xperise","Xperise",IF(E27="Nam Á Bank",IF(OR(F27="",F27="—"),"Nam Á Bank","Nam Á Bank – "&F27),IF(OR(F27="",F27="—"),"Hai bên","Nam Á Bank – "&F27&" (cùng Xperise)")))) | L27: =IF(J27="","",IF(I27="Từ ngày trở đi","Từ "&TEXT(DAY(J27),"00")&"/"&TEXT(MONTH(J27),"00")&" trở đi",IF(I27="Sau ngày","Sau "&TEXT(DAY(J27),"00")&"/"&TEXT(MONTH(J27),"00"),IF(OR(K27="",K27=J27),TEXT(DAY(J27),"00")&"/"&TEXT(MONTH(J27),"00"),TEXT(DAY(J27),"00")&"/"&TEXT(MONTH(J27),"00")&" → "&TEXT(DAY(K27),"00")&"/"&TEXT(MONTH(K27),"00"))))) | P27: =IF(AND(D27<>"",M27<>"Hoàn thành",ISNUMBER(K27)),IF(K27<TODAY(),"Quá hạn",""),"")
B28: =IF(D28="","",ROW()-7) | G28: =IF(D28="","",IF(E28="Xperise","Xperise",IF(E28="Nam Á Bank",IF(OR(F28="",F28="—"),"Nam Á Bank","Nam Á Bank – "&F28),IF(OR(F28="",F28="—"),"Hai bên","Nam Á Bank – "&F28&" (cùng Xperise)")))) | L28: =IF(J28="","",IF(I28="Từ ngày trở đi","Từ "&TEXT(DAY(J28),"00")&"/"&TEXT(MONTH(J28),"00")&" trở đi",IF(I28="Sau ngày","Sau "&TEXT(DAY(J28),"00")&"/"&TEXT(MONTH(J28),"00"),IF(OR(K28="",K28=J28),TEXT(DAY(J28),"00")&"/"&TEXT(MONTH(J28),"00"),TEXT(DAY(J28),"00")&"/"&TEXT(MONTH(J28),"00")&" → "&TEXT(DAY(K28),"00")&"/"&TEXT(MONTH(K28),"00"))))) | P28: =IF(AND(D28<>"",M28<>"Hoàn thành",ISNUMBER(K28)),IF(K28<TODAY(),"Quá hạn",""),"")
B29: =IF(D29="","",ROW()-7) | G29: =IF(D29="","",IF(E29="Xperise","Xperise",IF(E29="Nam Á Bank",IF(OR(F29="",F29="—"),"Nam Á Bank","Nam Á Bank – "&F29),IF(OR(F29="",F29="—"),"Hai bên","Nam Á Bank – "&F29&" (cùng Xperise)")))) | L29: =IF(J29="","",IF(I29="Từ ngày trở đi","Từ "&TEXT(DAY(J29),"00")&"/"&TEXT(MONTH(J29),"00")&" trở đi",IF(I29="Sau ngày","Sau "&TEXT(DAY(J29),"00")&"/"&TEXT(MONTH(J29),"00"),IF(OR(K29="",K29=J29),TEXT(DAY(J29),"00")&"/"&TEXT(MONTH(J29),"00"),TEXT(DAY(J29),"00")&"/"&TEXT(MONTH(J29),"00")&" → "&TEXT(DAY(K29),"00")&"/"&TEXT(MONTH(K29),"00"))))) | P29: =IF(AND(D29<>"",M29<>"Hoàn thành",ISNUMBER(K29)),IF(K29<TODAY(),"Quá hạn",""),"")
B30: =IF(D30="","",ROW()-7) | G30: =IF(D30="","",IF(E30="Xperise","Xperise",IF(E30="Nam Á Bank",IF(OR(F30="",F30="—"),"Nam Á Bank","Nam Á Bank – "&F30),IF(OR(F30="",F30="—"),"Hai bên","Nam Á Bank – "&F30&" (cùng Xperise)")))) | L30: =IF(J30="","",IF(I30="Từ ngày trở đi","Từ "&TEXT(DAY(J30),"00")&"/"&TEXT(MONTH(J30),"00")&" trở đi",IF(I30="Sau ngày","Sau "&TEXT(DAY(J30),"00")&"/"&TEXT(MONTH(J30),"00"),IF(OR(K30="",K30=J30),TEXT(DAY(J30),"00")&"/"&TEXT(MONTH(J30),"00"),TEXT(DAY(J30),"00")&"/"&TEXT(MONTH(J30),"00")&" → "&TEXT(DAY(K30),"00")&"/"&TEXT(MONTH(K30),"00"))))) | P30: =IF(AND(D30<>"",M30<>"Hoàn thành",ISNUMBER(K30)),IF(K30<TODAY(),"Quá hạn",""),"")
B31: =IF(D31="","",ROW()-7) | G31: =IF(D31="","",IF(E31="Xperise","Xperise",IF(E31="Nam Á Bank",IF(OR(F31="",F31="—"),"Nam Á Bank","Nam Á Bank – "&F31),IF(OR(F31="",F31="—"),"Hai bên","Nam Á Bank – "&F31&" (cùng Xperise)")))) | L31: =IF(J31="","",IF(I31="Từ ngày trở đi","Từ "&TEXT(DAY(J31),"00")&"/"&TEXT(MONTH(J31),"00")&" trở đi",IF(I31="Sau ngày","Sau "&TEXT(DAY(J31),"00")&"/"&TEXT(MONTH(J31),"00"),IF(OR(K31="",K31=J31),TEXT(DAY(J31),"00")&"/"&TEXT(MONTH(J31),"00"),TEXT(DAY(J31),"00")&"/"&TEXT(MONTH(J31),"00")&" → "&TEXT(DAY(K31),"00")&"/"&TEXT(MONTH(K31),"00"))))) | P31: =IF(AND(D31<>"",M31<>"Hoàn thành",ISNUMBER(K31)),IF(K31<TODAY(),"Quá hạn",""),"")
B32: =IF(D32="","",ROW()-7) | G32: =IF(D32="","",IF(E32="Xperise","Xperise",IF(E32="Nam Á Bank",IF(OR(F32="",F32="—"),"Nam Á Bank","Nam Á Bank – "&F32),IF(OR(F32="",F32="—"),"Hai bên","Nam Á Bank – "&F32&" (cùng Xperise)")))) | L32: =IF(J32="","",IF(I32="Từ ngày trở đi","Từ "&TEXT(DAY(J32),"00")&"/"&TEXT(MONTH(J32),"00")&" trở đi",IF(I32="Sau ngày","Sau "&TEXT(DAY(J32),"00")&"/"&TEXT(MONTH(J32),"00"),IF(OR(K32="",K32=J32),TEXT(DAY(J32),"00")&"/"&TEXT(MONTH(J32),"00"),TEXT(DAY(J32),"00")&"/"&TEXT(MONTH(J32),"00")&" → "&TEXT(DAY(K32),"00")&"/"&TEXT(MONTH(K32),"00"))))) | P32: =IF(AND(D32<>"",M32<>"Hoàn thành",ISNUMBER(K32)),IF(K32<TODAY(),"Quá hạn",""),"")
B33: =IF(D33="","",ROW()-7) | G33: =IF(D33="","",IF(E33="Xperise","Xperise",IF(E33="Nam Á Bank",IF(OR(F33="",F33="—"),"Nam Á Bank","Nam Á Bank – "&F33),IF(OR(F33="",F33="—"),"Hai bên","Nam Á Bank – "&F33&" (cùng Xperise)")))) | L33: =IF(J33="","",IF(I33="Từ ngày trở đi","Từ "&TEXT(DAY(J33),"00")&"/"&TEXT(MONTH(J33),"00")&" trở đi",IF(I33="Sau ngày","Sau "&TEXT(DAY(J33),"00")&"/"&TEXT(MONTH(J33),"00"),IF(OR(K33="",K33=J33),TEXT(DAY(J33),"00")&"/"&TEXT(MONTH(J33),"00"),TEXT(DAY(J33),"00")&"/"&TEXT(MONTH(J33),"00")&" → "&TEXT(DAY(K33),"00")&"/"&TEXT(MONTH(K33),"00"))))) | P33: =IF(AND(D33<>"",M33<>"Hoàn thành",ISNUMBER(K33)),IF(K33<TODAY(),"Quá hạn",""),"")
B35: Các dòng trống phía dưới dùng để bổ sung hạng mục mới. Cột Bước đánh số theo thứ tự dòng, muốn đổi trình tự thì di chuyển cả dòng. Dùng bộ lọc ở cột Đơn vị phụ trách để xem riêng phần việc của từng phòng ban.

Sheet Sơ đồ chi tiết kế hoạch
B2: Sơ đồ phối hợp
B3: Mỗi hàng là một đơn vị, mỗi cột là một giai đoạn, số bước trùng với sheet Kế hoạch triển khai. Việc hai bên cùng làm nằm ở hàng phòng ban Nam Á Bank phụ trách, kèm nhãn “Cùng Xperise”; ô viền nét đứt ở hàng Xperise là phần Xperise phối hợp.
B6: ■ Nam Á Bank ■ Hai bên ■ Xperise ★ Mốc quan trọng ↔ Xperise phối hợp cùng phòng ban Nam Á Bank
B8: Đơn vị phụ trách | C8: GIAI ĐOẠN 1 Chuẩn bị 16/09 | D8: GIAI ĐOẠN 2 Tiến hành 16/09 → 23/09 | E8: GIAI ĐOẠN 3 Demo & thống nhất 22/09 → 23/09 | F8: GIAI ĐOẠN 4 Ký kết & đào tạo 24/09 → 25/09 | G8: GIAI ĐOẠN 5 Go-live & hỗ trợ Từ 28/09 trở đi
B9: Nam Á Bank Hành chính 2 việc | G9: Bước 13 Sau 28/09 Cung cấp danh sách cơ sở lưu trú thường sử dụng và hợp đồng giá
G10: Bước 15 Sau 28/09 Phát hành thư giới thiệu Xperise tới các cơ sở lưu trú
B11: Nam Á Bank Nhân sự 2 việc | D11: Bước 3 16/09 → 18/09 ★ Cung cấp dữ liệu khởi tạo: chính sách công tác và phạm vi người dùng | F11: Bước 10 24/09 → 25/09 ★ Truyền thông và đào tạo người dùng ↔ Cùng Xperise
B12: Nam Á Bank Kế toán 2 việc | E12: Bước 8 22/09 → 23/09 Thống nhất biểu mẫu bảng kê và quy trình xuất hoá đơn ↔ Cùng Xperise | G12: Bước 14 01/10 → 04/10 Thực hiện đối soát kỳ đầu tiên ↔ Cùng Xperise
B13: Nam Á Bank Pháp chế 2 việc | D13: Bước 4 16/09 → 23/09 Rà soát Hợp đồng hợp tác bản cuối ↔ Cùng Xperise | F13: Bước 9 24/09 → 25/09 ★ Ký kết hợp đồng và thống nhất ngày vận hành chính thức ↔ Cùng Xperise
B14: Xperise và Nam Á Bank Hai bên 3 việc | C14: Bước 1 16/09 ★ Họp khởi động: thống nhất phạm vi và chính sách | E14: Bước 7 22/09 → 23/09 ★ Trình diễn hệ thống và chạy thử tình huống nghiệp vụ | G14: Bước 11 28/09 ★ Đưa hệ thống vào vận hành chính thức
B15: Đơn vị triển khai Xperise 5 việc, phối hợp 5 việc | D15: Bước 2 17/09 Gửi biên bản kết luận sau buổi họp | E15: ↔ Bước 8 · Phối hợp cùng Kế toán Thống nhất biểu mẫu bảng kê và quy trình xuất hoá đơn | F15: ↔ Bước 9 · Phối hợp cùng Pháp chế Ký kết hợp đồng và thống nhất ngày vận hành chính thức | G15: Bước 12 Từ 28/09 trở đi Hỗ trợ sau triển khai
D16: ↔ Bước 4 · Phối hợp cùng Pháp chế Rà soát Hợp đồng hợp tác bản cuối | F16: ↔ Bước 10 · Phối hợp cùng Nhân sự Truyền thông và đào tạo người dùng | G16: ↔ Bước 14 · Phối hợp cùng Kế toán Thực hiện đối soát kỳ đầu tiên
D17: Bước 5 18/09 Xperise tiếp nhận và rà soát dữ liệu khởi tạo | G17: Bước 16 28/09 Cập nhật giá thoả thuận của cơ sở lưu trú lên hệ thống
D18: Bước 6 19/09 → 21/09 ★ Xperise khởi tạo và cấu hình hệ thống
B21: Phần việc của từng đơn vị
B22: Sắp theo trình tự thực hiện. Trạng thái cập nhật tại sheet Kế hoạch triển khai.
B23: Đơn vị | C23: Bước | D23: Thời gian | E23: Công việc | G23: Phối hợp
B24: Nam Á Bank – Hành chính | C24: Bước 13 | D24: Sau 28/09 | E24: Cung cấp danh sách cơ sở lưu trú thường sử dụng và hợp đồng giá | G24: —
C25: Bước 15 | D25: Sau 28/09 | E25: Phát hành thư giới thiệu Xperise tới các cơ sở lưu trú | G25: —
B26: Nam Á Bank – Nhân sự | C26: Bước 3 ★ | D26: 16/09 → 18/09 | E26: Cung cấp dữ liệu khởi tạo: chính sách công tác và phạm vi người dùng | G26: —
C27: Bước 10 ★ | D27: 24/09 → 25/09 | E27: Truyền thông và đào tạo người dùng | G27: Cùng Xperise
B28: Nam Á Bank – Kế toán | C28: Bước 8 | D28: 22/09 → 23/09 | E28: Thống nhất biểu mẫu bảng kê và quy trình xuất hoá đơn | G28: Cùng Xperise
C29: Bước 14 | D29: 01/10 → 04/10 | E29: Thực hiện đối soát kỳ đầu tiên | G29: Cùng Xperise
B30: Nam Á Bank – Pháp chế | C30: Bước 4 | D30: 16/09 → 23/09 | E30: Rà soát Hợp đồng hợp tác bản cuối | G30: Cùng Xperise
C31: Bước 9 ★ | D31: 24/09 → 25/09 | E31: Ký kết hợp đồng và thống nhất ngày vận hành chính thức | G31: Cùng Xperise
B32: Hai bên | C32: Bước 1 ★ | D32: 16/09 | E32: Họp khởi động: thống nhất phạm vi và chính sách | G32: Xperise và Nam Á Bank
C33: Bước 7 ★ | D33: 22/09 → 23/09 | E33: Trình diễn hệ thống và chạy thử tình huống nghiệp vụ | G33: Xperise và Nam Á Bank
C34: Bước 11 ★ | D34: 28/09 | E34: Đưa hệ thống vào vận hành chính thức | G34: Xperise và Nam Á Bank
B35: Xperise | C35: Bước 2 | D35: 17/09 | E35: Gửi biên bản kết luận sau buổi họp | G35: —
C36: Bước 4 | D36: 16/09 → 23/09 | E36: Rà soát Hợp đồng hợp tác bản cuối | G36: Cùng Nam Á Bank – Pháp chế
C37: Bước 5 | D37: 18/09 | E37: Xperise tiếp nhận và rà soát dữ liệu khởi tạo | G37: —
C38: Bước 6 ★ | D38: 19/09 → 21/09 | E38: Xperise khởi tạo và cấu hình hệ thống | G38: —
C39: Bước 8 | D39: 22/09 → 23/09 | E39: Thống nhất biểu mẫu bảng kê và quy trình xuất hoá đơn | G39: Cùng Nam Á Bank – Kế toán
C40: Bước 9 ★ | D40: 24/09 → 25/09 | E40: Ký kết hợp đồng và thống nhất ngày vận hành chính thức | G40: Cùng Nam Á Bank – Pháp chế
C41: Bước 10 ★ | D41: 24/09 → 25/09 | E41: Truyền thông và đào tạo người dùng | G41: Cùng Nam Á Bank – Nhân sự
C42: Bước 12 | D42: Từ 28/09 trở đi | E42: Hỗ trợ sau triển khai | G42: —
C43: Bước 14 | D43: 01/10 → 04/10 | E43: Thực hiện đối soát kỳ đầu tiên | G43: Cùng Nam Á Bank – Kế toán
C44: Bước 16 | D44: 28/09 | E44: Cập nhật giá thoả thuận của cơ sở lưu trú lên hệ thống | G44: —

Sheet Lịch triển khai
B2: Lịch triển khai
B3: Biểu đồ thời gian theo ngày, lấy dữ liệu trực tiếp từ sheet Kế hoạch triển khai. Thanh màu nhạt là mốc “Sau ngày”, thanh kéo dài đến cuối lịch là mốc “Từ ngày trở đi”. Cột viền cam là ngày Go-live.
C5: Go-live: | D5: ='Tổng quan'!H6 -> 46293
L6: Tháng 9/2026 | AC6: Tháng 10/2026
L7: 46279 | M7: 46280 | N7: 46281 | O7: 46282 | P7: 46283 | Q7: 46284 | R7: 46285 | S7: 46286 | T7: 46287 | U7: 46288 | V7: 46289 | W7: 46290 | X7: 46291 | Y7: 46292 | Z7: 46293 | AA7: 46294 | AB7: 46295 | AC7: 46296 | AD7: 46297 | AE7: 46298 | AF7: 46299 | AG7: 46300 | AH7: 46301 | AI7: 46302 | AJ7: 46303 | AK7: 46304 | AL7: 46305 | AM7: 46306 | AN7: 46307 | AO7: 46308 | AP7: 46309 | AQ7: 46310 | AR7: 46311
B8: Bước | C8: Công việc | D8: Đơn vị phụ trách | E8: Thời gian | L8: T2 | M8: T3 | N8: T4 | O8: T5 | P8: T6 | Q8: T7 | R8: CN | S8: T2 | T8: T3 | U8: T4 | V8: T5 | W8: T6 | X8: T7 | Y8: CN | Z8: T2 | AA8: T3 | AB8: T4 | AC8: T5 | AD8: T6 | AE8: T7 | AF8: CN | AG8: T2 | AH8: T3 | AI8: T4 | AJ8: T5 | AK8: T6 | AL8: T7 | AM8: CN | AN8: T2 | AO8: T3 | AP8: T4 | AQ8: T5 | AR8: T6
B9: =IF('Kế hoạch triển khai'!D8="","",'Kế hoạch triển khai'!B8) -> 1 | C9: =IF('Kế hoạch triển khai'!D8="","",'Kế hoạch triển khai'!D8) -> Họp khởi động: thống nhất phạm vi và chính sách | D9: =IF('Kế hoạch triển khai'!D8="","",'Kế hoạch triển khai'!G8) -> Nam Á Bank – Hành chính (cùng Xperise) | E9: =IF('Kế hoạch triển khai'!D8="","",'Kế hoạch triển khai'!L8) -> 16/09 | F9: ='Kế hoạch triển khai'!E8&"" -> Hai bên | G9: =IF(OR('Kế hoạch triển khai'!D8="",NOT(ISNUMBER('Kế hoạch triển khai'!J8))),"",IF('Kế hoạch triển khai'!I8="Sau ngày",'Kế hoạch triển khai'!J8+1,'Kế hoạch triển khai'!J8)) -> 46281 | H9: =IF(G9="","",IF(OR('Kế hoạch triển khai'!I8="Từ ngày trở đi",'Kế hoạch triển khai'!I8="Sau ngày"),$AR$7,IF(ISNUMBER('Kế hoạch triển khai'!K8),'Kế hoạch triển khai'!K8,G9))) -> 46281 | I9: ='Kế hoạch triển khai'!I8&"" -> Khoảng ngày | J9: ='Kế hoạch triển khai'!H8&"" -> ★ | K9: ='Kế hoạch triển khai'!M8&"" -> Hoàn thành | L9: =IF(AND($J9="★",$H9<>"",L$7=$H9,$I9<>"Từ ngày trở đi",$I9<>"Sau ngày"),"★","") | M9: =IF(AND($J9="★",$H9<>"",M$7=$H9,$I9<>"Từ ngày trở đi",$I9<>"Sau ngày"),"★","") | N9: =IF(AND($J9="★",$H9<>"",N$7=$H9,$I9<>"Từ ngày trở đi",$I9<>"Sau ngày"),"★","") -> ★ | O9: =IF(AND($J9="★",$H9<>"",O$7=$H9,$I9<>"Từ ngày trở đi",$I9<>"Sau ngày"),"★","") | P9: =IF(AND($J9="★",$H9<>"",P$7=$H9,$I9<>"Từ ngày trở đi",$I9<>"Sau ngày"),"★","") | Q9: =IF(AND($J9="★",$H9<>"",Q$7=$H9,$I9<>"Từ ngày trở đi",$I9<>"Sau ngày"),"★","") | R9: =IF(AND($J9="★",$H9<>"",R$7=$H9,$I9<>"Từ ngày trở đi",$I9<>"Sau ngày"),"★","") | S9: =IF(AND($J9="★",$H9<>"",S$7=$H9,$I9<>"Từ ngày trở đi",$I9<>"Sau ngày"),"★","") | ... AR9: =IF(AND($J9="★",$H9<>"",AR$7=$H9,$I9<>"Từ ngày trở đi",$I9<>"Sau ngày"),"★","")
B10: =IF('Kế hoạch triển khai'!D9="","",'Kế hoạch triển khai'!B9) -> 2 | C10: =IF('Kế hoạch triển khai'!D9="","",'Kế hoạch triển khai'!D9) -> Gửi biên bản kết luận sau buổi họp | D10: =IF('Kế hoạch triển khai'!D9="","",'Kế hoạch triển khai'!G9) -> Xperise | E10: =IF('Kế hoạch triển khai'!D9="","",'Kế hoạch triển khai'!L9) -> 17/09 | F10: ='Kế hoạch triển khai'!E9&"" -> Xperise | G10: =IF(OR('Kế hoạch triển khai'!D9="",NOT(ISNUMBER('Kế hoạch triển khai'!J9))),"",IF('Kế hoạch triển khai'!I9="Sau ngày",'Kế hoạch triển khai'!J9+1,'Kế hoạch triển khai'!J9)) -> 46282 | H10: =IF(G10="","",IF(OR('Kế hoạch triển khai'!I9="Từ ngày trở đi",'Kế hoạch triển khai'!I9="Sau ngày"),$AR$7,IF(ISNUMBER('Kế hoạch triển khai'!K9),'Kế hoạch triển khai'!K9,G10))) -> 46282 | I10: ='Kế hoạch triển khai'!I9&"" -> Khoảng ngày | J10: ='Kế hoạch triển khai'!H9&"" | K10: ='Kế hoạch triển khai'!M9&"" -> Hoàn thành | L10: =IF(AND($J10="★",$H10<>"",L$7=$H10,$I10<>"Từ ngày trở đi",$I10<>"Sau ngày"),"★","") | M10: =IF(AND($J10="★",$H10<>"",M$7=$H10,$I10<>"Từ ngày trở đi",$I10<>"Sau ngày"),"★","") | N10: =IF(AND($J10="★",$H10<>"",N$7=$H10,$I10<>"Từ ngày trở đi",$I10<>"Sau ngày"),"★","") | O10: =IF(AND($J10="★",$H10<>"",O$7=$H10,$I10<>"Từ ngày trở đi",$I10<>"Sau ngày"),"★","") | P10: =IF(AND($J10="★",$H10<>"",P$7=$H10,$I10<>"Từ ngày trở đi",$I10<>"Sau ngày"),"★","") | Q10: =IF(AND($J10="★",$H10<>"",Q$7=$H10,$I10<>"Từ ngày trở đi",$I10<>"Sau ngày"),"★","") | R10: =IF(AND($J10="★",$H10<>"",R$7=$H10,$I10<>"Từ ngày trở đi",$I10<>"Sau ngày"),"★","") | S10: =IF(AND($J10="★",$H10<>"",S$7=$H10,$I10<>"Từ ngày trở đi",$I10<>"Sau ngày"),"★","") | ... AR10: =IF(AND($J10="★",$H10<>"",AR$7=$H10,$I10<>"Từ ngày trở đi",$I10<>"Sau ngày"),"★","")
B11: =IF('Kế hoạch triển khai'!D10="","",'Kế hoạch triển khai'!B10) -> 3 | C11: =IF('Kế hoạch triển khai'!D10="","",'Kế hoạch triển khai'!D10) -> Cung cấp dữ liệu khởi tạo: chính sách công tác và phạm vi người dùng | D11: =IF('Kế hoạch triển khai'!D10="","",'Kế hoạch triển khai'!G10) -> Nam Á Bank – Hành chính | E11: =IF('Kế hoạch triển khai'!D10="","",'Kế hoạch triển khai'!L10) -> 16/09 → 18/09 | F11: ='Kế hoạch triển khai'!E10&"" -> Nam Á Bank | G11: =IF(OR('Kế hoạch triển khai'!D10="",NOT(ISNUMBER('Kế hoạch triển khai'!J10))),"",IF('Kế hoạch triển khai'!I10="Sau ngày",'Kế hoạch triển khai'!J10+1,'Kế hoạch triển khai'!J10)) -> 46281 | H11: =IF(G11="","",IF(OR('Kế hoạch triển khai'!I10="Từ ngày trở đi",'Kế hoạch triển khai'!I10="Sau ngày"),$AR$7,IF(ISNUMBER('Kế hoạch triển khai'!K10),'Kế hoạch triển khai'!K10,G11))) -> 46283 | I11: ='Kế hoạch triển khai'!I10&"" -> Khoảng ngày | J11: ='Kế hoạch triển khai'!H10&"" -> ★ | K11: ='Kế hoạch triển khai'!M10&"" -> Đang làm | L11: =IF(AND($J11="★",$H11<>"",L$7=$H11,$I11<>"Từ ngày trở đi",$I11<>"Sau ngày"),"★","") | M11: =IF(AND($J11="★",$H11<>"",M$7=$H11,$I11<>"Từ ngày trở đi",$I11<>"Sau ngày"),"★","") | N11: =IF(AND($J11="★",$H11<>"",N$7=$H11,$I11<>"Từ ngày trở đi",$I11<>"Sau ngày"),"★","") | O11: =IF(AND($J11="★",$H11<>"",O$7=$H11,$I11<>"Từ ngày trở đi",$I11<>"Sau ngày"),"★","") | P11: =IF(AND($J11="★",$H11<>"",P$7=$H11,$I11<>"Từ ngày trở đi",$I11<>"Sau ngày"),"★","") -> ★ | Q11: =IF(AND($J11="★",$H11<>"",Q$7=$H11,$I11<>"Từ ngày trở đi",$I11<>"Sau ngày"),"★","") | R11: =IF(AND($J11="★",$H11<>"",R$7=$H11,$I11<>"Từ ngày trở đi",$I11<>"Sau ngày"),"★","") | S11: =IF(AND($J11="★",$H11<>"",S$7=$H11,$I11<>"Từ ngày trở đi",$I11<>"Sau ngày"),"★","") | ... AR11: =IF(AND($J11="★",$H11<>"",AR$7=$H11,$I11<>"Từ ngày trở đi",$I11<>"Sau ngày"),"★","")
B12: =IF('Kế hoạch triển khai'!D11="","",'Kế hoạch triển khai'!B11) -> 4 | C12: =IF('Kế hoạch triển khai'!D11="","",'Kế hoạch triển khai'!D11) -> Rà soát Hợp đồng hợp tác bản cuối | D12: =IF('Kế hoạch triển khai'!D11="","",'Kế hoạch triển khai'!G11) -> Nam Á Bank – Pháp chế (cùng Xperise) | E12: =IF('Kế hoạch triển khai'!D11="","",'Kế hoạch triển khai'!L11) -> 16/09 → 23/09 | F12: ='Kế hoạch triển khai'!E11&"" -> Hai bên | G12: =IF(OR('Kế hoạch triển khai'!D11="",NOT(ISNUMBER('Kế hoạch triển khai'!J11))),"",IF('Kế hoạch triển khai'!I11="Sau ngày",'Kế hoạch triển khai'!J11+1,'Kế hoạch triển khai'!J11)) -> 46281 | H12: =IF(G12="","",IF(OR('Kế hoạch triển khai'!I11="Từ ngày trở đi",'Kế hoạch triển khai'!I11="Sau ngày"),$AR$7,IF(ISNUMBER('Kế hoạch triển khai'!K11),'Kế hoạch triển khai'!K11,G12))) -> 46288 | I12: ='Kế hoạch triển khai'!I11&"" -> Khoảng ngày | J12: ='Kế hoạch triển khai'!H11&"" | K12: ='Kế hoạch triển khai'!M11&"" -> Đang làm | L12: =IF(AND($J12="★",$H12<>"",L$7=$H12,$I12<>"Từ ngày trở đi",$I12<>"Sau ngày"),"★","") | M12: =IF(AND($J12="★",$H12<>"",M$7=$H12,$I12<>"Từ ngày trở đi",$I12<>"Sau ngày"),"★","") | N12: =IF(AND($J12="★",$H12<>"",N$7=$H12,$I12<>"Từ ngày trở đi",$I12<>"Sau ngày"),"★","") | O12: =IF(AND($J12="★",$H12<>"",O$7=$H12,$I12<>"Từ ngày trở đi",$I12<>"Sau ngày"),"★","") | P12: =IF(AND($J12="★",$H12<>"",P$7=$H12,$I12<>"Từ ngày trở đi",$I12<>"Sau ngày"),"★","") | Q12: =IF(AND($J12="★",$H12<>"",Q$7=$H12,$I12<>"Từ ngày trở đi",$I12<>"Sau ngày"),"★","") | R12: =IF(AND($J12="★",$H12<>"",R$7=$H12,$I12<>"Từ ngày trở đi",$I12<>"Sau ngày"),"★","") | S12: =IF(AND($J12="★",$H12<>"",S$7=$H12,$I12<>"Từ ngày trở đi",$I12<>"Sau ngày"),"★","") | ... AR12: =IF(AND($J12="★",$H12<>"",AR$7=$H12,$I12<>"Từ ngày trở đi",$I12<>"Sau ngày"),"★","")
B13: =IF('Kế hoạch triển khai'!D12="","",'Kế hoạch triển khai'!B12) -> 5 | C13: =IF('Kế hoạch triển khai'!D12="","",'Kế hoạch triển khai'!D12) -> Xperise tiếp nhận và rà soát dữ liệu khởi tạo | D13: =IF('Kế hoạch triển khai'!D12="","",'Kế hoạch triển khai'!G12) -> Xperise | E13: =IF('Kế hoạch triển khai'!D12="","",'Kế hoạch triển khai'!L12) -> 18/09 | F13: ='Kế hoạch triển khai'!E12&"" -> Xperise | G13: =IF(OR('Kế hoạch triển khai'!D12="",NOT(ISNUMBER('Kế hoạch triển khai'!J12))),"",IF('Kế hoạch triển khai'!I12="Sau ngày",'Kế hoạch triển khai'!J12+1,'Kế hoạch triển khai'!J12)) -> 46283 | H13: =IF(G13="","",IF(OR('Kế hoạch triển khai'!I12="Từ ngày trở đi",'Kế hoạch triển khai'!I12="Sau ngày"),$AR$7,IF(ISNUMBER('Kế hoạch triển khai'!K12),'Kế hoạch triển khai'!K12,G13))) -> 46283 | I13: ='Kế hoạch triển khai'!I12&"" -> Khoảng ngày | J13: ='Kế hoạch triển khai'!H12&"" | K13: ='Kế hoạch triển khai'!M12&"" -> Đang làm | L13: =IF(AND($J13="★",$H13<>"",L$7=$H13,$I13<>"Từ ngày trở đi",$I13<>"Sau ngày"),"★","") | M13: =IF(AND($J13="★",$H13<>"",M$7=$H13,$I13<>"Từ ngày trở đi",$I13<>"Sau ngày"),"★","") | N13: =IF(AND($J13="★",$H13<>"",N$7=$H13,$I13<>"Từ ngày trở đi",$I13<>"Sau ngày"),"★","") | O13: =IF(AND($J13="★",$H13<>"",O$7=$H13,$I13<>"Từ ngày trở đi",$I13<>"Sau ngày"),"★","") | P13: =IF(AND($J13="★",$H13<>"",P$7=$H13,$I13<>"Từ ngày trở đi",$I13<>"Sau ngày"),"★","") | Q13: =IF(AND($J13="★",$H13<>"",Q$7=$H13,$I13<>"Từ ngày trở đi",$I13<>"Sau ngày"),"★","") | R13: =IF(AND($J13="★",$H13<>"",R$7=$H13,$I13<>"Từ ngày trở đi",$I13<>"Sau ngày"),"★","") | S13: =IF(AND($J13="★",$H13<>"",S$7=$H13,$I13<>"Từ ngày trở đi",$I13<>"Sau ngày"),"★","") | ... AR13: =IF(AND($J13="★",$H13<>"",AR$7=$H13,$I13<>"Từ ngày trở đi",$I13<>"Sau ngày"),"★","")
B14: =IF('Kế hoạch triển khai'!D13="","",'Kế hoạch triển khai'!B13) -> 6 | C14: =IF('Kế hoạch triển khai'!D13="","",'Kế hoạch triển khai'!D13) -> Xperise khởi tạo và cấu hình hệ thống | D14: =IF('Kế hoạch triển khai'!D13="","",'Kế hoạch triển khai'!G13) -> Xperise | E14: =IF('Kế hoạch triển khai'!D13="","",'Kế hoạch triển khai'!L13) -> 19/09 → 21/09 | F14: ='Kế hoạch triển khai'!E13&"" -> Xperise | G14: =IF(OR('Kế hoạch triển khai'!D13="",NOT(ISNUMBER('Kế hoạch triển khai'!J13))),"",IF('Kế hoạch triển khai'!I13="Sau ngày",'Kế hoạch triển khai'!J13+1,'Kế hoạch triển khai'!J13)) -> 46284 | H14: =IF(G14="","",IF(OR('Kế hoạch triển khai'!I13="Từ ngày trở đi",'Kế hoạch triển khai'!I13="Sau ngày"),$AR$7,IF(ISNUMBER('Kế hoạch triển khai'!K13),'Kế hoạch triển khai'!K13,G14))) -> 46286 | I14: ='Kế hoạch triển khai'!I13&"" -> Khoảng ngày | J14: ='Kế hoạch triển khai'!H13&"" -> ★ | K14: ='Kế hoạch triển khai'!M13&"" -> Chưa bắt đầu | L14: =IF(AND($J14="★",$H14<>"",L$7=$H14,$I14<>"Từ ngày trở đi",$I14<>"Sau ngày"),"★","") | M14: =IF(AND($J14="★",$H14<>"",M$7=$H14,$I14<>"Từ ngày trở đi",$I14<>"Sau ngày"),"★","") | N14: =IF(AND($J14="★",$H14<>"",N$7=$H14,$I14<>"Từ ngày trở đi",$I14<>"Sau ngày"),"★","") | O14: =IF(AND($J14="★",$H14<>"",O$7=$H14,$I14<>"Từ ngày trở đi",$I14<>"Sau ngày"),"★","") | P14: =IF(AND($J14="★",$H14<>"",P$7=$H14,$I14<>"Từ ngày trở đi",$I14<>"Sau ngày"),"★","") | Q14: =IF(AND($J14="★",$H14<>"",Q$7=$H14,$I14<>"Từ ngày trở đi",$I14<>"Sau ngày"),"★","") | R14: =IF(AND($J14="★",$H14<>"",R$7=$H14,$I14<>"Từ ngày trở đi",$I14<>"Sau ngày"),"★","") | S14: =IF(AND($J14="★",$H14<>"",S$7=$H14,$I14<>"Từ ngày trở đi",$I14<>"Sau ngày"),"★","") -> ★ | ... AR14: =IF(AND($J14="★",$H14<>"",AR$7=$H14,$I14<>"Từ ngày trở đi",$I14<>"Sau ngày"),"★","")
B15: =IF('Kế hoạch triển khai'!D14="","",'Kế hoạch triển khai'!B14) -> 7 | C15: =IF('Kế hoạch triển khai'!D14="","",'Kế hoạch triển khai'!D14) -> Trình diễn hệ thống và chạy thử tình huống nghiệp vụ | D15: =IF('Kế hoạch triển khai'!D14="","",'Kế hoạch triển khai'!G14) -> Nam Á Bank – Hành chính (cùng Xperise) | E15: =IF('Kế hoạch triển khai'!D14="","",'Kế hoạch triển khai'!L14) -> 22/09 → 23/09 | F15: ='Kế hoạch triển khai'!E14&"" -> Hai bên | G15: =IF(OR('Kế hoạch triển khai'!D14="",NOT(ISNUMBER('Kế hoạch triển khai'!J14))),"",IF('Kế hoạch triển khai'!I14="Sau ngày",'Kế hoạch triển khai'!J14+1,'Kế hoạch triển khai'!J14)) -> 46287 | H15: =IF(G15="","",IF(OR('Kế hoạch triển khai'!I14="Từ ngày trở đi",'Kế hoạch triển khai'!I14="Sau ngày"),$AR$7,IF(ISNUMBER('Kế hoạch triển khai'!K14),'Kế hoạch triển khai'!K14,G15))) -> 46288 | I15: ='Kế hoạch triển khai'!I14&"" -> Khoảng ngày | J15: ='Kế hoạch triển khai'!H14&"" -> ★ | K15: ='Kế hoạch triển khai'!M14&"" -> Chưa bắt đầu | L15: =IF(AND($J15="★",$H15<>"",L$7=$H15,$I15<>"Từ ngày trở đi",$I15<>"Sau ngày"),"★","") | M15: =IF(AND($J15="★",$H15<>"",M$7=$H15,$I15<>"Từ ngày trở đi",$I15<>"Sau ngày"),"★","") | N15: =IF(AND($J15="★",$H15<>"",N$7=$H15,$I15<>"Từ ngày trở đi",$I15<>"Sau ngày"),"★","") | O15: =IF(AND($J15="★",$H15<>"",O$7=$H15,$I15<>"Từ ngày trở đi",$I15<>"Sau ngày"),"★","") | P15: =IF(AND($J15="★",$H15<>"",P$7=$H15,$I15<>"Từ ngày trở đi",$I15<>"Sau ngày"),"★","") | Q15: =IF(AND($J15="★",$H15<>"",Q$7=$H15,$I15<>"Từ ngày trở đi",$I15<>"Sau ngày"),"★","") | R15: =IF(AND($J15="★",$H15<>"",R$7=$H15,$I15<>"Từ ngày trở đi",$I15<>"Sau ngày"),"★","") | S15: =IF(AND($J15="★",$H15<>"",S$7=$H15,$I15<>"Từ ngày trở đi",$I15<>"Sau ngày"),"★","") | ... AR15: =IF(AND($J15="★",$H15<>"",AR$7=$H15,$I15<>"Từ ngày trở đi",$I15<>"Sau ngày"),"★","")
B16: =IF('Kế hoạch triển khai'!D15="","",'Kế hoạch triển khai'!B15) -> 8 | C16: =IF('Kế hoạch triển khai'!D15="","",'Kế hoạch triển khai'!D15) -> Thống nhất biểu mẫu bảng kê và quy trình xuất hoá đơn | D16: =IF('Kế hoạch triển khai'!D15="","",'Kế hoạch triển khai'!G15) -> Nam Á Bank – Kế toán (cùng Xperise) | E16: =IF('Kế hoạch triển khai'!D15="","",'Kế hoạch triển khai'!L15) -> 22/09 → 23/09 | F16: ='Kế hoạch triển khai'!E15&"" -> Hai bên | G16: =IF(OR('Kế hoạch triển khai'!D15="",NOT(ISNUMBER('Kế hoạch triển khai'!J15))),"",IF('Kế hoạch triển khai'!I15="Sau ngày",'Kế hoạch triển khai'!J15+1,'Kế hoạch triển khai'!J15)) -> 46287 | H16: =IF(G16="","",IF(OR('Kế hoạch triển khai'!I15="Từ ngày trở đi",'Kế hoạch triển khai'!I15="Sau ngày"),$AR$7,IF(ISNUMBER('Kế hoạch triển khai'!K15),'Kế hoạch triển khai'!K15,G16))) -> 46288 | I16: ='Kế hoạch triển khai'!I15&"" -> Khoảng ngày | J16: ='Kế hoạch triển khai'!H15&"" | K16: ='Kế hoạch triển khai'!M15&"" -> Chưa bắt đầu | L16: =IF(AND($J16="★",$H16<>"",L$7=$H16,$I16<>"Từ ngày trở đi",$I16<>"Sau ngày"),"★","") | M16: =IF(AND($J16="★",$H16<>"",M$7=$H16,$I16<>"Từ ngày trở đi",$I16<>"Sau ngày"),"★","") | N16: =IF(AND($J16="★",$H16<>"",N$7=$H16,$I16<>"Từ ngày trở đi",$I16<>"Sau ngày"),"★","") | O16: =IF(AND($J16="★",$H16<>"",O$7=$H16,$I16<>"Từ ngày trở đi",$I16<>"Sau ngày"),"★","") | P16: =IF(AND($J16="★",$H16<>"",P$7=$H16,$I16<>"Từ ngày trở đi",$I16<>"Sau ngày"),"★","") | Q16: =IF(AND($J16="★",$H16<>"",Q$7=$H16,$I16<>"Từ ngày trở đi",$I16<>"Sau ngày"),"★","") | R16: =IF(AND($J16="★",$H16<>"",R$7=$H16,$I16<>"Từ ngày trở đi",$I16<>"Sau ngày"),"★","") | S16: =IF(AND($J16="★",$H16<>"",S$7=$H16,$I16<>"Từ ngày trở đi",$I16<>"Sau ngày"),"★","") | ... AR16: =IF(AND($J16="★",$H16<>"",AR$7=$H16,$I16<>"Từ ngày trở đi",$I16<>"Sau ngày"),"★","")
B17: =IF('Kế hoạch triển khai'!D16="","",'Kế hoạch triển khai'!B16) -> 9 | C17: =IF('Kế hoạch triển khai'!D16="","",'Kế hoạch triển khai'!D16) -> Ký kết hợp đồng và thống nhất ngày vận hành chính thức | D17: =IF('Kế hoạch triển khai'!D16="","",'Kế hoạch triển khai'!G16) -> Nam Á Bank – Ban lãnh đạo (cùng Xperise) | E17: =IF('Kế hoạch triển khai'!D16="","",'Kế hoạch triển khai'!L16) -> 24/09 → 25/09 | F17: ='Kế hoạch triển khai'!E16&"" -> Hai bên | G17: =IF(OR('Kế hoạch triển khai'!D16="",NOT(ISNUMBER('Kế hoạch triển khai'!J16))),"",IF('Kế hoạch triển khai'!I16="Sau ngày",'Kế hoạch triển khai'!J16+1,'Kế hoạch triển khai'!J16)) -> 46289 | H17: =IF(G17="","",IF(OR('Kế hoạch triển khai'!I16="Từ ngày trở đi",'Kế hoạch triển khai'!I16="Sau ngày"),$AR$7,IF(ISNUMBER('Kế hoạch triển khai'!K16),'Kế hoạch triển khai'!K16,G17))) -> 46290 | I17: ='Kế hoạch triển khai'!I16&"" -> Khoảng ngày | J17: ='Kế hoạch triển khai'!H16&"" -> ★ | K17: ='Kế hoạch triển khai'!M16&"" -> Chưa bắt đầu | L17: =IF(AND($J17="★",$H17<>"",L$7=$H17,$I17<>"Từ ngày trở đi",$I17<>"Sau ngày"),"★","") | M17: =IF(AND($J17="★",$H17<>"",M$7=$H17,$I17<>"Từ ngày trở đi",$I17<>"Sau ngày"),"★","") | N17: =IF(AND($J17="★",$H17<>"",N$7=$H17,$I17<>"Từ ngày trở đi",$I17<>"Sau ngày"),"★","") | O17: =IF(AND($J17="★",$H17<>"",O$7=$H17,$I17<>"Từ ngày trở đi",$I17<>"Sau ngày"),"★","") | P17: =IF(AND($J17="★",$H17<>"",P$7=$H17,$I17<>"Từ ngày trở đi",$I17<>"Sau ngày"),"★","") | Q17: =IF(AND($J17="★",$H17<>"",Q$7=$H17,$I17<>"Từ ngày trở đi",$I17<>"Sau ngày"),"★","") | R17: =IF(AND($J17="★",$H17<>"",R$7=$H17,$I17<>"Từ ngày trở đi",$I17<>"Sau ngày"),"★","") | S17: =IF(AND($J17="★",$H17<>"",S$7=$H17,$I17<>"Từ ngày trở đi",$I17<>"Sau ngày"),"★","") | ... AR17: =IF(AND($J17="★",$H17<>"",AR$7=$H17,$I17<>"Từ ngày trở đi",$I17<>"Sau ngày"),"★","")
B18: =IF('Kế hoạch triển khai'!D17="","",'Kế hoạch triển khai'!B17) -> 10 | C18: =IF('Kế hoạch triển khai'!D17="","",'Kế hoạch triển khai'!D17) -> Truyền thông và đào tạo người dùng | D18: =IF('Kế hoạch triển khai'!D17="","",'Kế hoạch triển khai'!G17) -> Nam Á Bank – Hành chính (cùng Xperise) | E18: =IF('Kế hoạch triển khai'!D17="","",'Kế hoạch triển khai'!L17) -> 24/09 → 25/09 | F18: ='Kế hoạch triển khai'!E17&"" -> Hai bên | G18: =IF(OR('Kế hoạch triển khai'!D17="",NOT(ISNUMBER('Kế hoạch triển khai'!J17))),"",IF('Kế hoạch triển khai'!I17="Sau ngày",'Kế hoạch triển khai'!J17+1,'Kế hoạch triển khai'!J17)) -> 46289 | H18: =IF(G18="","",IF(OR('Kế hoạch triển khai'!I17="Từ ngày trở đi",'Kế hoạch triển khai'!I17="Sau ngày"),$AR$7,IF(ISNUMBER('Kế hoạch triển khai'!K17),'Kế hoạch triển khai'!K17,G18))) -> 46290 | I18: ='Kế hoạch triển khai'!I17&"" -> Khoảng ngày | J18: ='Kế hoạch triển khai'!H17&"" -> ★ | K18: ='Kế hoạch triển khai'!M17&"" -> Chưa bắt đầu | L18: =IF(AND($J18="★",$H18<>"",L$7=$H18,$I18<>"Từ ngày trở đi",$I18<>"Sau ngày"),"★","") | M18: =IF(AND($J18="★",$H18<>"",M$7=$H18,$I18<>"Từ ngày trở đi",$I18<>"Sau ngày"),"★","") | N18: =IF(AND($J18="★",$H18<>"",N$7=$H18,$I18<>"Từ ngày trở đi",$I18<>"Sau ngày"),"★","") | O18: =IF(AND($J18="★",$H18<>"",O$7=$H18,$I18<>"Từ ngày trở đi",$I18<>"Sau ngày"),"★","") | P18: =IF(AND($J18="★",$H18<>"",P$7=$H18,$I18<>"Từ ngày trở đi",$I18<>"Sau ngày"),"★","") | Q18: =IF(AND($J18="★",$H18<>"",Q$7=$H18,$I18<>"Từ ngày trở đi",$I18<>"Sau ngày"),"★","") | R18: =IF(AND($J18="★",$H18<>"",R$7=$H18,$I18<>"Từ ngày trở đi",$I18<>"Sau ngày"),"★","") | S18: =IF(AND($J18="★",$H18<>"",S$7=$H18,$I18<>"Từ ngày trở đi",$I18<>"Sau ngày"),"★","") | ... AR18: =IF(AND($J18="★",$H18<>"",AR$7=$H18,$I18<>"Từ ngày trở đi",$I18<>"Sau ngày"),"★","")
B19: =IF('Kế hoạch triển khai'!D18="","",'Kế hoạch triển khai'!B18) -> 11 | C19: =IF('Kế hoạch triển khai'!D18="","",'Kế hoạch triển khai'!D18) -> Đưa hệ thống vào vận hành chính thức | D19: =IF('Kế hoạch triển khai'!D18="","",'Kế hoạch triển khai'!G18) -> Nam Á Bank – Hành chính (cùng Xperise) | E19: =IF('Kế hoạch triển khai'!D18="","",'Kế hoạch triển khai'!L18) -> 28/09 | F19: ='Kế hoạch triển khai'!E18&"" -> Hai bên | G19: =IF(OR('Kế hoạch triển khai'!D18="",NOT(ISNUMBER('Kế hoạch triển khai'!J18))),"",IF('Kế hoạch triển khai'!I18="Sau ngày",'Kế hoạch triển khai'!J18+1,'Kế hoạch triển khai'!J18)) -> 46293 | H19: =IF(G19="","",IF(OR('Kế hoạch triển khai'!I18="Từ ngày trở đi",'Kế hoạch triển khai'!I18="Sau ngày"),$AR$7,IF(ISNUMBER('Kế hoạch triển khai'!K18),'Kế hoạch triển khai'!K18,G19))) -> 46293 | I19: ='Kế hoạch triển khai'!I18&"" -> Khoảng ngày | J19: ='Kế hoạch triển khai'!H18&"" -> ★ | K19: ='Kế hoạch triển khai'!M18&"" -> Chưa bắt đầu | L19: =IF(AND($J19="★",$H19<>"",L$7=$H19,$I19<>"Từ ngày trở đi",$I19<>"Sau ngày"),"★","") | M19: =IF(AND($J19="★",$H19<>"",M$7=$H19,$I19<>"Từ ngày trở đi",$I19<>"Sau ngày"),"★","") | N19: =IF(AND($J19="★",$H19<>"",N$7=$H19,$I19<>"Từ ngày trở đi",$I19<>"Sau ngày"),"★","") | O19: =IF(AND($J19="★",$H19<>"",O$7=$H19,$I19<>"Từ ngày trở đi",$I19<>"Sau ngày"),"★","") | P19: =IF(AND($J19="★",$H19<>"",P$7=$H19,$I19<>"Từ ngày trở đi",$I19<>"Sau ngày"),"★","") | Q19: =IF(AND($J19="★",$H19<>"",Q$7=$H19,$I19<>"Từ ngày trở đi",$I19<>"Sau ngày"),"★","") | R19: =IF(AND($J19="★",$H19<>"",R$7=$H19,$I19<>"Từ ngày trở đi",$I19<>"Sau ngày"),"★","") | S19: =IF(AND($J19="★",$H19<>"",S$7=$H19,$I19<>"Từ ngày trở đi",$I19<>"Sau ngày"),"★","") | ... AR19: =IF(AND($J19="★",$H19<>"",AR$7=$H19,$I19<>"Từ ngày trở đi",$I19<>"Sau ngày"),"★","")
B20: =IF('Kế hoạch triển khai'!D19="","",'Kế hoạch triển khai'!B19) -> 12 | C20: =IF('Kế hoạch triển khai'!D19="","",'Kế hoạch triển khai'!D19) -> Hỗ trợ sau triển khai | D20: =IF('Kế hoạch triển khai'!D19="","",'Kế hoạch triển khai'!G19) -> Xperise | E20: =IF('Kế hoạch triển khai'!D19="","",'Kế hoạch triển khai'!L19) -> Từ 28/09 trở đi | F20: ='Kế hoạch triển khai'!E19&"" -> Xperise | G20: =IF(OR('Kế hoạch triển khai'!D19="",NOT(ISNUMBER('Kế hoạch triển khai'!J19))),"",IF('Kế hoạch triển khai'!I19="Sau ngày",'Kế hoạch triển khai'!J19+1,'Kế hoạch triển khai'!J19)) -> 46293 | H20: =IF(G20="","",IF(OR('Kế hoạch triển khai'!I19="Từ ngày trở đi",'Kế hoạch triển khai'!I19="Sau ngày"),$AR$7,IF(ISNUMBER('Kế hoạch triển khai'!K19),'Kế hoạch triển khai'!K19,G20))) -> 46311 | I20: ='Kế hoạch triển khai'!I19&"" -> Từ ngày trở đi | J20: ='Kế hoạch triển khai'!H19&"" | K20: ='Kế hoạch triển khai'!M19&"" -> Chưa bắt đầu | L20: =IF(AND($J20="★",$H20<>"",L$7=$H20,$I20<>"Từ ngày trở đi",$I20<>"Sau ngày"),"★","") | M20: =IF(AND($J20="★",$H20<>"",M$7=$H20,$I20<>"Từ ngày trở đi",$I20<>"Sau ngày"),"★","") | N20: =IF(AND($J20="★",$H20<>"",N$7=$H20,$I20<>"Từ ngày trở đi",$I20<>"Sau ngày"),"★","") | O20: =IF(AND($J20="★",$H20<>"",O$7=$H20,$I20<>"Từ ngày trở đi",$I20<>"Sau ngày"),"★","") | P20: =IF(AND($J20="★",$H20<>"",P$7=$H20,$I20<>"Từ ngày trở đi",$I20<>"Sau ngày"),"★","") | Q20: =IF(AND($J20="★",$H20<>"",Q$7=$H20,$I20<>"Từ ngày trở đi",$I20<>"Sau ngày"),"★","") | R20: =IF(AND($J20="★",$H20<>"",R$7=$H20,$I20<>"Từ ngày trở đi",$I20<>"Sau ngày"),"★","") | S20: =IF(AND($J20="★",$H20<>"",S$7=$H20,$I20<>"Từ ngày trở đi",$I20<>"Sau ngày"),"★","") | ... AR20: =IF(AND($J20="★",$H20<>"",AR$7=$H20,$I20<>"Từ ngày trở đi",$I20<>"Sau ngày"),"★","")
... B34: =IF('Kế hoạch triển khai'!D33="","",'Kế hoạch triển khai'!B33) | C34: =IF('Kế hoạch triển khai'!D33="","",'Kế hoạch triển khai'!D33) | D34: =IF('Kế hoạch triển khai'!D33="","",'Kế hoạch triển khai'!G33) | E34: =IF('Kế hoạch triển khai'!D33="","",'Kế hoạch triển khai'!L33) | F34: ='Kế hoạch triển khai'!E33&"" | G34: =IF(OR('Kế hoạch triển khai'!D33="",NOT(ISNUMBER('Kế hoạch triển khai'!J33))),"",IF('Kế hoạch triển khai'!I33="Sau ngày",'Kế hoạch triển khai'!J33+1,'Kế hoạch triển khai'!J33)) | H34: =IF(G34="","",IF(OR('Kế hoạch triển khai'!I33="Từ ngày trở đi",'Kế hoạch triển khai'!I33="Sau ngày"),$AR$7,IF(ISNUMBER('Kế hoạch triển khai'!K33),'Kế hoạch triển khai'!K33,G34))) | I34: ='Kế hoạch triển khai'!I33&"" | J34: ='Kế hoạch triển khai'!H33&"" | K34: ='Kế hoạch triển khai'!M33&"" | L34: =IF(AND($J34="★",$H34<>"",L$7=$H34,$I34<>"Từ ngày trở đi",$I34<>"Sau ngày"),"★","") | M34: =IF(AND($J34="★",$H34<>"",M$7=$H34,$I34<>"Từ ngày trở đi",$I34<>"Sau ngày"),"★","") | N34: =IF(AND($J34="★",$H34<>"",N$7=$H34,$I34<>"Từ ngày trở đi",$I34<>"Sau ngày"),"★","") | O34: =IF(AND($J34="★",$H34<>"",O$7=$H34,$I34<>"Từ ngày trở đi",$I34<>"Sau ngày"),"★","") | P34: =IF(AND($J34="★",$H34<>"",P$7=$H34,$I34<>"Từ ngày trở đi",$I34<>"Sau ngày"),"★","") | Q34: =IF(AND($J34="★",$H34<>"",Q$7=$H34,$I34<>"Từ ngày trở đi",$I34<>"Sau ngày"),"★","") | R34: =IF(AND($J34="★",$H34<>"",R$7=$H34,$I34<>"Từ ngày trở đi",$I34<>"Sau ngày"),"★","") | S34: =IF(AND($J34="★",$H34<>"",S$7=$H34,$I34<>"Từ ngày trở đi",$I34<>"Sau ngày"),"★","") | ... AR34: =IF(AND($J34="★",$H34<>"",AR$7=$H34,$I34<>"Từ ngày trở đi",$I34<>"Sau ngày"),"★","")
B36: ■ Nam Á Bank ■ Hai bên ■ Xperise ■ Hoàn thành ▌ Ngày Go-live ■ Hôm nay (hàng ngày) ★ Mốc quan trọng (tại ngày kết thúc)
